Workbook

Sheet Products
A1: ProductID | B1: Product | C1: Price | D1: Ordered/Not Ordered
A2: 101 | B2: ProductA | C2: 120 | D2: =IF(ISNA(VLOOKUP(A2,Orders!$B$1:$B$8,1,0)),"Not Ordered","Ordered") -> Ordered
A3: 102 | B3: ProductB | C3: 150 | D3: =IF(ISNA(VLOOKUP(A3,Orders!$B$1:$B$8,1,0)),"Not Ordered","Ordered") -> Ordered
A4: 103 | B4: ProductC | C4: 200 | D4: =IF(ISNA(VLOOKUP(A4,Orders!$B$1:$B$8,1,0)),"Not Ordered","Ordered") -> Ordered
A5: 104 | B5: ProductD | C5: 90 | D5: =IF(ISNA(VLOOKUP(A5,Orders!$B$1:$B$8,1,0)),"Not Ordered","Ordered") -> Ordered
A6: 105 | B6: ProductE | C6: 220 | D6: =IF(ISNA(VLOOKUP(A6,Orders!$B$1:$B$8,1,0)),"Not Ordered","Ordered") -> Ordered
A7: 106 | B7: ProductF | C7: 130 | D7: =IF(ISNA(VLOOKUP(A7,Orders!$B$1:$B$8,1,0)),"Not Ordered","Ordered") -> Ordered
A8: 108 | B8: ProductH | C8: 20 | D8: =IF(ISNA(VLOOKUP(A8,Orders!$B$1:$B$8,1,0)),"Not Ordered","Ordered") -> Not Ordered

Sheet Orders
A1: OrderId | B1: ProductId | C1: Quantity | D1: Products | E1: Price | F1: TotalPrice | G1: Prod.Present/Not | H1: Discounted Price
A2: 1 | B2: 101 | C2: 2 | D2: =VLOOKUP(B2,Products!$A$1:$C$7,2,0) -> ProductA | E2: =VLOOKUP(B2,Products!$A$1:$C$7,3,0) -> 120 | F2: =C2*E2 -> 240 | G2: =IF(ISNA(VLOOKUP(B2,Products!$A$1:$A$7,1,0)),"No","Yes") -> Yes | H2: =E2-E2*10% -> 108
A3: 2 | B3: 103 | C3: 1 | D3: =VLOOKUP(B3,Products!$A$1:$C$7,2,0) -> ProductC | E3: =VLOOKUP(B3,Products!$A$1:$C$7,3,0) -> 200 | F3: =C3*E3 -> 200 | G3: =IF(ISNA(VLOOKUP(B3,Products!$A$1:$A$7,1,0)),"No","Yes") -> Yes | H3: =E3-E3*10% -> 180
A4: 3 | B4: 105 | C4: 4 | D4: =VLOOKUP(B4,Products!$A$1:$C$7,2,0) -> ProductE | E4: =VLOOKUP(B4,Products!$A$1:$C$7,3,0) -> 220 | F4: =C4*E4 -> 880 | G4: =IF(ISNA(VLOOKUP(B4,Products!$A$1:$A$7,1,0)),"No","Yes") -> Yes | H4: =E4-E4*10% -> 198
A5: 4 | B5: 106 | C5: 3 | D5: =VLOOKUP(B5,Products!$A$1:$C$7,2,0) -> ProductF | E5: =VLOOKUP(B5,Products!$A$1:$C$7,3,0) -> 130 | F5: =C5*E5 -> 390 | G5: =IF(ISNA(VLOOKUP(B5,Products!$A$1:$A$7,1,0)),"No","Yes") -> Yes | H5: =E5-E5*10% -> 117
A6: 5 | B6: 102 | C6: 5 | D6: =VLOOKUP(B6,Products!$A$1:$C$7,2,0) -> ProductB | E6: =VLOOKUP(B6,Products!$A$1:$C$7,3,0) -> 150 | F6: =C6*E6 -> 750 | G6: =IF(ISNA(VLOOKUP(B6,Products!$A$1:$A$7,1,0)),"No","Yes") -> Yes | H6: =E6-E6*10% -> 135 | K6: Maximum order value | L6: =MAX(F2:F7) -> 880
A7: 6 | B7: 104 | C7: 6 | D7: =VLOOKUP(B7,Products!$A$1:$C$7,2,0) -> ProductD | E7: =VLOOKUP(B7,Products!$A$1:$C$7,3,0) -> 90 | F7: =C7*E7 -> 540 | G7: =IF(ISNA(VLOOKUP(B7,Products!$A$1:$A$7,1,0)),"No","Yes") -> Yes | H7: =E7-E7*10% -> 81
A8: 7 | B8: 107 | G8: =IF(ISNA(VLOOKUP(B8,Products!$A$1:$A$7,1,0)),"No","Yes") -> No | H8: =E8-E8*10% -> 0
M17: 1. Use VLOOKUP to find the product names for each ProductID in the Orders worksheet.
M19: 2. Use VLOOKUP to find the price for each ProductID in the Orders worksheet, then calculate the TotalPrice by multiplying the Quantity by the Product Price.
M21: 3. Use VLOOKUP to check if there are any ProductIDs in the Orders worksheet that do not exist in the Products worksheet.
M23: 4. Assume a discount of 10% is given on all products. Use VLOOKUP to find the original price and then calculate the discounted price.
M25: 5. Use VLOOKUP to find the price for each ProductID and then calculate the order value. Find the maximum order value from the list.
M27: 6. Use VLOOKUP to find out which products from the Products worksheet have not been ordered.
M29: 7. Use VLOOKUP to find the Product name and summarize the total quantity sold for each product.
